Gen,Raw Fitness,Adjusted Fitness,Normalized Fitness,Hits ratio,Best MSE,Average MSE
6,150,0.75
0,3.967628701362079E7,2.52039706853802E-8,0.3935008394156715,13095.0,3.967628301362079E7,6.074756019637865E14
1,9414577.822217697,1.0621824076081611E-7,0.2528381024615068,430.0,9414569.822217697,2.2143596141803138E14
2,9414577.822217697,1.0621824076081611E-7,0.1335714696621621,430.0,9414569.822217697,2.6668277277252144E14
3,9414577.822217697,1.0621824076081611E-7,0.06340071902171195,430.0,9414569.822217697,1.6038847987262375E14
4,9414577.822217697,1.0621824076081611E-7,0.04597230571363086,430.0,9414569.822217697,2.133681478552142E14
5,614343.9937059892,1.6277498966298667E-6,0.2521014214937755,378.0,614331.9937059892,8.73644921479955E13
6,614343.9937059892,1.6277498966298667E-6,0.09216945359517818,378.0,614331.9937059892,2.7334253690219675E14
7,614343.9937059892,1.6277498966298667E-6,0.06623712939839632,378.0,614331.9937059892,2.7334383610447994E14
8,614343.9937059892,1.6277498966298667E-6,0.06588666259504068,378.0,614331.9937059892,3.800108270922404E14
9,587635.1948926777,1.70173316193131E-6,0.04314692039400521,36.0,587603.1948926777,2.466790440391339E14
10,578840.8786063824,1.7275875104399777E-6,0.03313635485180046,381.0,578827.8786063824,1.9334579081397025E14
11,578265.4462272804,1.7293066310940034E-6,0.02657980511614549,866.0,578256.4462272804,2.5383276730731775E14
12,578265.4462272804,1.7293066310940034E-6,0.024975810900664797,866.0,578256.4462272804,2.8667426709131E14
13,578265.4462272804,1.7293066310940034E-6,0.022128529899824462,866.0,578256.4462272804,2.5334149443994806E14
14,578265.4462272804,1.7293066310940034E-6,0.0181485742129147,866.0,578256.4462272804,2.800045712651778E14
15,578265.216556673,1.7293073179245548E-6,0.014134088760719303,1256.0,578246.216556673,3.4667056106101044E14
16,578265.216556673,1.7293073179245548E-6,0.011212635996520282,1256.0,578246.216556673,2.000037417775142E14
17,578247.5750762244,1.7293600764484037E-6,0.012026958885236515,326.0,578226.5750762244,3.4000228169849906E14
18,578247.5750762244,1.7293600764484037E-6,0.014902069108889216,326.0,578226.5750762244,3.60177080647566E14
19,578247.5750762244,1.7293600764484037E-6,0.013263967999960583,326.0,578226.5750762244,1.6000896584497047E14
20,578247.5750762244,1.7293600764484037E-6,0.014216623198090859,326.0,578226.5750762244,2.7338242240343947E14
21,577837.6100409798,1.7305870231293144E-6,0.015298952489386362,14.0,577828.6100409798,2.73339424827249E14
22,577837.6100409798,1.7305870231293144E-6,0.01379028583950622,14.0,577828.6100409798,1.5335621396854616E14
23,577837.6100409798,1.7305870231293144E-6,0.014333301820216662,14.0,577828.6100409798,1.8001078271171128E14
24,577837.6100409798,1.7305870231293144E-6,0.012780307671628346,14.0,577828.6100409798,1.6706572468767344E14
25,577837.6100409798,1.7305870231293144E-6,0.011983323172136889,14.0,577828.6100409798,1.6667289404481922E14
26,577837.6100409798,1.7305870231293144E-6,0.014878904041691335,14.0,577828.6100409798,2.8000574541353684E14
27,577837.6100409798,1.7305870231293144E-6,0.015788985620934864,14.0,577828.6100409798,2.6667446469564084E14
28,577837.6100409798,1.7305870231293144E-6,0.016305316388847312,14.0,577828.6100409798,2.2667544989677966E14
29,577837.6100409798,1.7305870231293144E-6,0.015291860728851235,14.0,577828.6100409798,3.3333757383284375E14
30,577837.6100409798,1.7305870231293144E-6,0.01262011564117549,14.0,577828.6100409798,2.133368596770457E14
31,577796.6721384455,1.7307096380277401E-6,0.011203730478017888,24.0,577777.6721384455,1.933371403081768E14
32,577796.6721384455,1.7307096380277401E-6,0.01280398304756881,24.0,577777.6721384455,2.8000783818410988E14
33,577796.6721384455,1.7307096380277401E-6,0.011348080855122136,24.0,577777.6721384455,1.533392840691947E14
34,577796.6721384455,1.7307096380277401E-6,0.012222534093837712,24.0,577777.6721384455,2.5333805474075206E14
35,577794.5074962392,1.7307161219257299E-6,0.011150215976696264,755.0,577777.5074962392,7.370844997341306E13
36,577794.5074962392,1.7307161219257299E-6,0.011417269740909161,755.0,577777.5074962392,1.6001040436405534E14
37,577793.7916000301,1.7307182663083524E-6,0.010301254585815751,755.0,577777.7916000301,2.204949767538598E14
38,577793.7916000301,1.7307182663083524E-6,0.011295836399680424,755.0,577777.7916000301,2.267976466010708E14
39,577790.771748147,1.7307273119768292E-6,0.01199732960238841,28.0,577777.771748147,1.7442545481340612E14
40,574759.0550249795,1.7398564692470482E-6,0.010117138009423288,783.0,574734.0550249795,1.3371010417024992E14
41,574759.0550249795,1.7398564692470482E-6,0.009740648834945716,783.0,574734.0550249795,8.956156979214048E13
42,574759.0550249795,1.7398564692470482E-6,0.010053491534286614,783.0,574734.0550249795,2.0109875057739306E14
43,574759.0550249795,1.7398564692470482E-6,0.012730297279401373,783.0,574734.0550249795,2.87055687216304E14
44,569104.5499864925,1.7571432927050785E-6,0.0114564451732697,883.0,569071.5499864925,2.13342603016029E14
45,569104.5499864925,1.7571432927050785E-6,0.010898417714314917,883.0,569071.5499864925,2.140245282790841E14
46,569104.5499864925,1.7571432927050785E-6,0.01020159121362013,883.0,569071.5499864925,2.333467849215166E14
47,569236.3642544138,1.756736403468171E-6,0.009534149477416464,888.0,569199.3642544138,1.8667012608816744E14
48,569236.3642544138,1.756736403468171E-6,0.009787248216544898,888.0,569199.3642544138,2.2735241236063444E14
49,567960.2018337405,1.7606836466493894E-6,0.011226446650626455,887.0,567886.2018337405,2.3333715230034647E14
50,567960.2018337405,1.7606836466493894E-6,0.009709075004431718,887.0,567886.2018337405,1.8674677123673984E14
51,567960.2018337405,1.7606836466493894E-6,0.009549194334602785,887.0,567886.2018337405,1.866698835656282E14
52,567960.2018337405,1.7606836466493894E-6,0.009738910300478104,887.0,567886.2018337405,1.7333598683399147E14
53,567960.2018337405,1.7606836466493894E-6,0.010265826748221326,887.0,567886.2018337405,1.4667257682451928E14
54,567960.2018337405,1.7606836466493894E-6,0.008787894537641066,887.0,567886.2018337405,1.2666773006724445E14
55,567960.2018337405,1.7606836466493894E-6,0.008806178606998276,887.0,567886.2018337405,1.9352565912522434E14
56,567956.2947377532,1.7606957587572439E-6,0.00789548074197529,894.0,567886.2947377532,1.2019006471760448E14
57,567932.4384783334,1.7607697174501725E-6,0.009819600662117749,10296.0,567866.4384783334,1.533376418545208E14
58,567932.4384783334,1.7607697174501725E-6,0.008709492202773521,10296.0,567866.4384783334,1.2666854283033539E14
59,567925.4384055033,1.76079142011345E-6,0.00829719842840973,10298.0,567866.4384055033,9.373627686345172E13
60,566899.8265928047,1.763976965795259E-6,0.009832743872809193,1100.0,566777.8265928047,1.733366188324407E14
61,566898.4018340011,1.7639813991068896E-6,0.010038414178243143,1107.0,566785.4018340011,1.8667056544112334E14
62,566898.4018340011,1.7639813991068896E-6,0.008984220937600743,1107.0,566785.4018340011,1.0668088287779895E14
63,566594.1348638209,1.7649286738763587E-6,0.011148137460873448,792.0,566457.1348638209,3.2010333046158125E14
64,566264.4522656925,1.765956224238802E-6,0.008723126501913113,27.0,566142.4522656925,1.8033996671846422E14
65,566264.4522656925,1.765956224238802E-6,0.010233900937378674,27.0,566142.4522656925,1.6667022232031528E14
66,566264.4522656925,1.765956224238802E-6,0.010224699564664702,27.0,566142.4522656925,1.6000575180486034E14
67,566254.1645871267,1.76598830799032E-6,0.009286618301237403,34.0,566139.1645871267,1.533361302232463E14
68,566146.0074552598,1.7663256836679929E-6,0.009191855196234187,26.0,566049.0074552598,2.066674200530933E14
69,566028.5702404915,1.7666921528059487E-6,0.008395964300183483,29.0,565929.5702404915,1.6000146526173447E14
70,566028.5702404915,1.7666921528059487E-6,0.009301560959273866,29.0,565929.5702404915,1.7383897590330716E14
71,566028.5702404915,1.7666921528059487E-6,0.011384657310057953,29.0,565929.5702404915,3.40001628076823E14
72,566028.5702404915,1.7666921528059487E-6,0.010112600499006613,29.0,565929.5702404915,2.266695465682459E14
73,566027.8213197358,1.7666944903413751E-6,0.008940947727278142,27.0,565930.8213197358,1.466722774681207E14
74,566027.8213197358,1.7666944903413751E-6,0.008349379484070793,27.0,565930.8213197358,1.0058664916688031E14
75,566006.3559504083,1.7667614907952128E-6,0.009470810420842826,25.0,565929.3559504083,1.7333698686158506E14
76,566006.3559504083,1.7667614907952128E-6,0.009569940814455809,25.0,565929.3559504083,1.867501649137641E14
77,566006.3559504083,1.7667614907952128E-6,0.010226418096604155,25.0,565929.3559504083,1.8008417829290003E14
78,566005.4323463907,1.7667643737801362E-6,0.009024311646713122,28.0,565926.4323463907,1.7333528198242884E14
79,566005.4323463907,1.7667643737801362E-6,0.011040693253826634,28.0,565926.4323463907,3.0000211278245494E14
80,566006.3559504083,1.7667614907952128E-6,0.011153787693514744,25.0,565929.3559504083,3.2006105974772675E14
81,566006.3559504083,1.7667614907952128E-6,0.008513615199692234,25.0,565929.3559504083,1.2072004220195973E14
82,566006.3559504083,1.7667614907952128E-6,0.011545894838614913,25.0,565929.3559504083,2.1333713498061494E14
83,566005.3733951567,1.7667645577938592E-6,0.011198060885778092,20.0,565926.3733951567,3.4666740077525494E14
84,566005.3733951567,1.7667645577938592E-6,0.01126531495997019,20.0,565926.3733951567,2.4667592666747962E14
85,566002.1250157178,1.7667746975287993E-6,0.008287523897399163,26.0,565922.1250157178,1.2666887433454589E14
86,565998.752444693,1.766785225047807E-6,0.009526234624266364,25.0,565910.752444693,1.6667028057692353E14
87,565994.2112658337,1.766799400587729E-6,0.010295165830002383,24.0,565919.2112658337,1.666711562494703E14
88,565995.3894388723,1.7667957228338469E-6,0.009654262818619386,3760.0,565895.3894388723,1.933349645612347E14
89,565995.3894388723,1.7667957228338469E-6,0.008959776563313013,3760.0,565895.3894388723,1.536586873422939E14
90,565962.5864494324,1.7668981255021921E-6,0.01070072322467565,69.0,565875.5864494324,2.6000810016792278E14
91,565962.5864494324,1.7668981255021921E-6,0.010438676294921978,69.0,565875.5864494324,2.0667620683559506E14
92,565962.5864494324,1.7668981255021921E-6,0.009292708488754268,69.0,565875.5864494324,1.602736011584937E14
93,565962.5864494324,1.7668981255021921E-6,0.010423175720554546,69.0,565875.5864494324,2.2024044803919784E14
94,565962.5864494324,1.7668981255021921E-6,0.010503768970871796,69.0,565875.5864494324,2.1333532012991084E14
95,565962.5864494324,1.7668981255021921E-6,0.008406896302629328,69.0,565875.5864494324,1.0667150676688105E14
96,565962.5864494324,1.7668981255021921E-6,0.010272377241357834,69.0,565875.5864494324,2.4666896109149172E14
97,565962.5864494324,1.7668981255021921E-6,0.010741524779722832,69.0,565875.5864494324,2.5390941461858912E14
98,565962.5864494324,1.7668981255021921E-6,0.0107161205873733,69.0,565875.5864494324,1.8667463318527053E14
99,565962.5864494324,1.7668981255021921E-6,0.010040977556963867,69.0,565875.5864494324,2.6666816058686144E14
100,565883.50495188,1.7671450468237066E-6,0.0092846919193604,23.0,565772.50495188,1.9371934824066934E14
101,565883.50495188,1.7671450468237066E-6,0.011036082123124244,23.0,565772.50495188,1.866848024763251E14
102,565861.8989497111,1.7672125206584204E-6,0.011158954704940985,18.0,565783.8989497111,3.000025752145112E14
103,565861.8989497111,1.7672125206584204E-6,0.010253543002017518,18.0,565783.8989497111,1.733378221455727E14
104,565861.8989497111,1.7672125206584204E-6,0.008615989541198828,18.0,565783.8989497111,1.0029902051623445E14
105,565812.7966514466,1.7673658824124103E-6,0.009649498037042922,193.0,565700.7966514466,1.1363412268476614E14
106,565765.632762906,1.7675132149743916E-6,0.008684208455295281,24.0,565675.632762906,1.0718536449019105E14
107,565720.4930275842,1.7676542474076386E-6,0.010345483217206195,17.0,565646.4930275842,2.467727133259672E14
108,565720.4930275842,1.7676542474076386E-6,0.008228261928820696,17.0,565646.4930275842,1.533343060255837E14
109,565720.4930275842,1.7676542474076386E-6,0.010887949247358428,17.0,565646.4930275842,2.7440229971638256E14
110,565720.4930275842,1.7676542474076386E-6,0.009907958329547105,17.0,565646.4930275842,1.8847590665951188E14
111,565720.4930275842,1.7676542474076386E-6,0.009828769554567565,17.0,565646.4930275842,1.8667113094650938E14
112,565453.2586136155,1.7684896430912141E-6,0.009416392428129798,18.0,565297.2586136155,2.2000138115145072E14
113,565453.2586136155,1.7684896430912141E-6,0.009057708825666932,18.0,565297.2586136155,1.7333822675682738E14
114,565451.7585555599,1.7684943346186588E-6,0.008727355323579699,18.0,565293.7585555599,1.4000234553542294E14
115,564796.5830358607,1.770545820371379E-6,0.008528268216501404,25.0,564644.5830358607,1.0000370176555173E14
116,565431.0967611774,1.768558958233975E-6,0.010629932110294811,36.0,565286.0967611774,2.6666943376536666E14
117,565431.0967611774,1.768558958233975E-6,0.012077842724557286,36.0,565286.0967611774,2.5333726436307956E14
118,565167.2005775009,1.769384758339515E-6,0.009916146900466506,33.0,565009.2005775009,1.2000574272210022E14
119,565167.2005775009,1.769384758339515E-6,0.009461017145780086,33.0,565009.2005775009,1.2033396882731797E14
120,565159.8482620944,1.769407776697667E-6,0.009453845857327559,34.0,565005.8482620944,2.066689255191923E14
121,565159.8482620944,1.769407776697667E-6,0.00956399068177473,34.0,565005.8482620944,2.0667003147376753E14
122,565159.8482620944,1.769407776697667E-6,0.009747494918734794,34.0,565005.8482620944,2.533344669106612E14
123,564672.3112652466,1.7709354772927552E-6,0.008537320712723295,29.0,564513.3112652466,1.2686739298343181E14
124,564672.3112652466,1.7709354772927552E-6,0.009837500760725607,29.0,564513.3112652466,2.6000249160796828E14
125,564672.3112652466,1.7709354772927552E-6,0.009579544600001965,29.0,564513.3112652466,2.1409980426953216E14
126,564672.3112652466,1.7709354772927552E-6,0.008175017702717939,29.0,564513.3112652466,1.0026689110784995E14
127,564672.3112652466,1.7709354772927552E-6,0.009198957790236125,29.0,564513.3112652466,1.6000194775466662E14
128,564672.3112652466,1.7709354772927552E-6,0.008433673305300683,29.0,564513.3112652466,8.000674333016969E13
129,564672.3112652466,1.7709354772927552E-6,0.00798043694982415,29.0,564513.3112652466,1.1335178592122883E14
130,564670.8792600378,1.77093996837673E-6,0.008326206774071403,24.0,564511.8792600378,1.333374607376744E14
131,564659.3287368634,1.7709761941962255E-6,0.00856116641075034,19.0,564511.3287368634,1.4000100606680377E14
132,564659.3287368634,1.7709761941962255E-6,0.009767001443707207,19.0,564511.3287368634,2.0667125804748662E14
133,564659.3287368634,1.7709761941962255E-6,0.0083782793236956,19.0,564511.3287368634,8.667226654929828E13
134,564659.3287368634,1.7709761941962255E-6,0.009661282165141833,19.0,564511.3287368634,1.9334805403848666E14
135,564219.3252449996,1.77235727827737E-6,0.008504681610977331,24.0,564058.3252449996,1.53345830841422E14
136,564219.3252449996,1.77235727827737E-6,0.008965711677590601,24.0,564058.3252449996,1.9333521968897622E14
137,564219.3252449996,1.77235727827737E-6,0.008851101563855527,24.0,564058.3252449996,1.40402933525558E14
138,564219.3252449996,1.77235727827737E-6,0.008889217685288865,24.0,564058.3252449996,1.5333534950337406E14
139,564219.3252449996,1.77235727827737E-6,0.008697298361249727,24.0,564058.3252449996,1.5333746604548794E14
140,564219.3252449996,1.77235727827737E-6,0.008865617042817521,24.0,564058.3252449996,1.533356962220032E14
141,562552.4525563676,1.7776088573552937E-6,0.009664651730981287,33.0,562395.4525563676,2.2666853590022338E14
142,562552.4525563676,1.7776088573552937E-6,0.009238212269074376,33.0,562395.4525563676,2.000016274533172E14
143,562552.4525563676,1.7776088573552937E-6,0.010113676945216641,33.0,562395.4525563676,2.4004426097047834E14
144,562335.12677598,1.7782958490205163E-6,0.010686376061278887,29.0,562123.12677598,1.9341658302751234E14
145,562335.12677598,1.7782958490205163E-6,0.009067982207751563,29.0,562123.12677598,1.1395158824014298E14
146,562333.1418256415,1.7783021261228383E-6,0.008663838310757689,29.0,562123.1418256415,1.0421755957564653E14
147,562333.1418256415,1.7783021261228383E-6,0.007920518004614475,29.0,562123.1418256415,7.333515835647214E13
148,559704.8709235729,1.7866526901886807E-6,0.008271269572591219,31.0,559409.8709235729,6.8296473740612016E13
149,559704.8709235729,1.7866526901886807E-6,0.009874401152695902,31.0,559409.8709235729,1.069989241693556E14
150,559684.7108215316,1.7867170461296136E-6,0.00815077285758117,16.0,559389.7108215316,1.0013638704732005E14
151,559684.7108215316,1.7867170461296136E-6,0.007999608815334869,16.0,559389.7108215316,7.460418105711986E13
152,559638.6883616804,1.7868639783705375E-6,0.008974358333485278,30.0,559409.6883616804,1.4000720562906547E14
153,559638.6883616804,1.7868639783705375E-6,0.009214495163599809,30.0,559409.6883616804,1.5333924253820012E14
154,559638.6883616804,1.7868639783705375E-6,0.008272645198827545,30.0,559409.6883616804,4.666960442215543E13
155,559620.500636301,1.7869220515347957E-6,0.007554521574321268,31.0,559364.500636301,6.666831336663892E13
156,559619.567955725,1.7869250296731697E-6,0.009144897002421529,30.0,559363.567955725,2.4000096690074294E14
157,559619.567955725,1.7869250296731697E-6,0.009301776400488236,30.0,559363.567955725,1.8667038470822122E14
158,559602.715308443,1.78697884349967E-6,0.00874192854967725,32.0,559363.715308443,1.0667053833828872E14
159,559602.715308443,1.78697884349967E-6,0.00850602948160767,32.0,559363.715308443,1.1333610539920773E14
160,559602.715308443,1.78697884349967E-6,0.007918809864049116,32.0,559363.715308443,1.266673632528154E14
161,559602.715308443,1.78697884349967E-6,0.008500179332682213,32.0,559363.715308443,1.7338414313832816E14
162,559602.715308443,1.78697884349967E-6,0.008900507627135856,32.0,559363.715308443,2.2000067614837638E14
163,559602.715308443,1.78697884349967E-6,0.00758826050385181,32.0,559363.715308443,4.666873026035901E13
164,558322.9809649397,1.7910747775363702E-6,0.007679254300405574,32.0,557947.9809649397,8.666736486455002E13
165,558322.9809649397,1.7910747775363702E-6,0.008834143648091564,32.0,557947.9809649397,1.6666882316631847E14
166,558305.0873180184,1.7911321812803144E-6,0.008467362254519368,31.0,557948.0873180184,9.335280347767712E13
167,558305.0873180184,1.7911321812803144E-6,0.008830101470911952,31.0,557948.0873180184,1.8666821598960888E14
168,558305.0873180184,1.7911321812803144E-6,0.008571925249491871,31.0,557948.0873180184,6.667038149689289E13
169,558305.0873180184,1.7911321812803144E-6,0.008478696743700503,31.0,557948.0873180184,1.1333553218123586E14
170,558047.3822147545,1.791959320858973E-6,0.0078082109542045135,38.0,557764.3822147545,6.000164942120555E13
171,558047.3822147545,1.791959320858973E-6,0.008311291012426806,38.0,557764.3822147545,1.5333616766276462E14
172,558047.3822147545,1.791959320858973E-6,0.009765094003553637,38.0,557764.3822147545,2.8000092868081353E14
173,557978.5029254182,1.792180527702402E-6,0.009764046362802729,29.0,557693.5029254182,1.866749836612563E14
174,557978.5029254182,1.792180527702402E-6,0.009127441826846154,29.0,557693.5029254182,1.6691994860214456E14
175,556883.5728005221,1.7957042605276181E-6,0.008024840150550126,16.0,556478.5728005221,7.333564089276986E13
176,556883.5728005221,1.7957042605276181E-6,0.008177653156248396,16.0,556478.5728005221,1.2679276340872723E14
177,556883.5728005221,1.7957042605276181E-6,0.007987023757628737,16.0,556478.5728005221,1.1345858619086514E14
178,556883.5728005221,1.7957042605276181E-6,0.008162454217989182,16.0,556478.5728005221,8.66688005578184E13
179,556710.4997149473,1.7962625175014877E-6,0.008360621170004814,23.0,556374.4997149473,1.2695498383304805E14
180,556682.3216964453,1.7963534401436432E-6,0.00832225486023031,17.0,556371.3216964453,1.4695480575414753E14
181,556549.2792641076,1.7967828554901435E-6,0.008243494291275074,13.0,556260.2792641076,1.5333403385369144E14
182,556549.2792641076,1.7967828554901435E-6,0.00843855555518999,13.0,556260.2792641076,1.333810829511E14
183,556549.2792641076,1.7967828554901435E-6,0.010787746043704801,13.0,556260.2792641076,2.066799967155981E14
184,556549.2792641076,1.7967828554901435E-6,0.008392604155460812,13.0,556260.2792641076,1.1391748960302223E14
185,556549.2792641076,1.7967828554901435E-6,0.00812909488331639,13.0,556260.2792641076,1.3333424135062031E14
186,556549.2792641076,1.7967828554901435E-6,0.009997286747704877,13.0,556260.2792641076,2.6000149473613994E14
187,556549.2792641076,1.7967828554901435E-6,0.00790821895544712,13.0,556260.2792641076,8.666847755195775E13
188,556478.7778571579,1.7970104930869362E-6,0.008739921416366335,24.0,556185.7778571579,1.8000181586942312E14
189,556478.7778571579,1.7970104930869362E-6,0.00843091864467968,24.0,556185.7778571579,1.6666784088745772E14
190,556478.7778571579,1.7970104930869362E-6,0.007937766335694527,24.0,556185.7778571579,4.66748972338055E13
191,556431.557069892,1.797162993599587E-6,0.00756041678721742,27.0,556139.557069892,6.000051774539638E13
192,556431.557069892,1.797162993599587E-6,0.01023951905595433,27.0,556139.557069892,2.042516913062479E14
193,556431.557069892,1.797162993599587E-6,0.008486925504329394,27.0,556139.557069892,1.2004243690562981E14
194,556397.611478374,1.797272637584337E-6,0.010151107674884752,19.0,556099.611478374,2.1375438881633238E14
195,556397.611478374,1.797272637584337E-6,0.008197359676990274,19.0,556099.611478374,1.000036414637374E14
196,556397.611478374,1.797272637584337E-6,0.009153457166663308,19.0,556099.611478374,9.333788710963233E13
197,556215.3036969014,1.7978617191791798E-6,0.008711548888327356,12.0,555929.3036969014,1.3333564553487038E14
198,556073.043156835,1.798321666523032E-6,0.008192940647423562,14.0,555783.043156835,1.2000093451242528E14
199,556073.043156835,1.798321666523032E-6,0.007882680007426068,14.0,555783.043156835,1.133342791745046E14
200,556073.043156835,1.798321666523032E-6,0.009399581482600719,14.0,555783.043156835,1.2118348804541688E14
201,556069.9784018449,1.7983315778752073E-6,0.00890270618870262,13.0,555775.9784018449,1.402332184494977E14
202,556069.9784018449,1.7983315778752073E-6,0.008612857317211646,13.0,555775.9784018449,1.7355462899327928E14
203,556069.9784018449,1.7983315778752073E-6,0.007938237358953468,13.0,555775.9784018449,8.002206543049744E13
204,554140.8863540443,1.8045919729682634E-6,0.007878793599188614,30.0,553794.8863540443,9.333504793797631E13
205,554140.8863540443,1.8045919729682634E-6,0.008873938751382192,30.0,553794.8863540443,1.2669689281381869E14
206,550692.5974558475,1.8158918219131393E-6,0.008832569032575684,294.0,550340.5974558475,1.6000231430247616E14
207,550692.5974558475,1.8158918219131393E-6,0.00960529363833993,294.0,550340.5974558475,2.6667005859063734E14
208,550683.019433656,1.815923405637297E-6,0.008828994805058357,290.0,550340.019433656,1.2666761850499422E14
209,550683.019433656,1.815923405637297E-6,0.008098235877150051,290.0,550340.019433656,1.1333424177459377E14
210,550653.7218420687,1.8160200218655465E-6,0.008349773233657114,291.0,550318.7218420687,1.1333538044993114E14
211,550623.1712500829,1.8161207811304369E-6,0.009088751600864196,292.0,550288.1712500829,1.4666867511070375E14
212,550392.039217203,1.8168834428252415E-6,0.008408012433873,285.0,550065.039217203,8.66726845704594E13
213,550392.039217203,1.8168834428252415E-6,0.007835628202851391,285.0,550065.039217203,8.000116129513386E13
214,550392.039217203,1.8168834428252415E-6,0.008525878330918968,285.0,550065.039217203,1.533340318554344E14
215,550392.039217203,1.8168834428252415E-6,0.009332479408685087,285.0,550065.039217203,1.933359012436959E14
216,550399.6311671253,1.8168583816473803E-6,0.009072023563337694,25.0,550065.6311671253,1.4000306049863336E14
217,550369.4777793479,1.8169579226611708E-6,0.010053664130505529,34.0,550071.4777793479,2.4004564963276778E14
218,550368.0256232043,1.8169627167293091E-6,0.008242949963376064,28.0,550051.0256232043,1.6666736267594503E14
219,550368.0256232043,1.8169627167293091E-6,0.008245793518030663,28.0,550051.0256232043,1.533344828725938E14
220,550369.4777793479,1.8169579226611708E-6,0.00797069596346582,34.0,550071.4777793479,8.666971529084705E13
221,550369.4777793479,1.8169579226611708E-6,0.008211075094773137,34.0,550071.4777793479,9.703040637434253E13
222,550369.4777793479,1.8169579226611708E-6,0.00889189584646663,34.0,550071.4777793479,1.2030152542576169E14
223,550345.6965877925,1.8170364357596863E-6,0.008801750720189459,4896.0,550029.6965877925,1.751677935643292E14
224,550345.6965877925,1.8170364357596863E-6,0.008271371082620056,4896.0,550029.6965877925,6.000231112848037E13
225,550345.6965877925,1.8170364357596863E-6,0.009660358125128757,4896.0,550029.6965877925,1.8535852776605697E14
226,550324.7174542323,1.8171057035566664E-6,0.00839980449024719,4882.0,550014.7174542323,1.533342743421902E14
227,550324.7174542323,1.8171057035566664E-6,0.0100674866100782,4882.0,550014.7174542323,2.7391896448965456E14
228,550324.7174542323,1.8171057035566664E-6,0.008408359496589711,4882.0,550014.7174542323,9.389113087744161E13
229,550324.7174542323,1.8171057035566664E-6,0.007922468837802656,4882.0,550014.7174542323,1.1335010905181747E14
230,550317.8261120192,1.8171284581793438E-6,0.007891654189583468,3444.0,550008.8261120192,9.334207613539631E13
231,550317.8261120192,1.8171284581793438E-6,0.00798981012448484,3444.0,550008.8261120192,4.000185803578687E13
232,550317.8261120192,1.8171284581793438E-6,0.009305116624825735,3444.0,550008.8261120192,9.334491209579273E13
233,550311.1320193667,1.8171505620465002E-6,0.009074543485115712,4888.0,550011.1320193667,1.2670496116395464E14
234,550311.1320193667,1.8171505620465002E-6,0.009485594188233368,4888.0,550011.1320193667,2.2000192731227225E14
235,550282.2712584918,1.8172458663208333E-6,0.009040660926952307,3442.0,550009.2712584918,2.0000364922593566E14
236,550080.4774505033,1.8179125111333725E-6,0.009187196171014473,129.0,549767.4774505033,2.3333426176221725E14
237,550080.4774505033,1.8179125111333725E-6,0.009250956568518928,129.0,549767.4774505033,1.266794566411196E14
238,550080.4774505033,1.8179125111333725E-6,0.009084061185812767,129.0,549767.4774505033,1.4000667854370377E14
239,550080.4774505033,1.8179125111333725E-6,0.009065985360880902,129.0,549767.4774505033,1.9335111891572406E14
240,550080.4774505033,1.8179125111333725E-6,0.01165821999294134,129.0,549767.4774505033,3.400019764034456E14
241,550056.3766871773,1.8179921629679536E-6,0.008642609896855013,108.0,549758.3766871773,1.2014109590746186E14
242,550056.3766871773,1.8179921629679536E-6,0.00875342851251534,108.0,549758.3766871773,1.41091190584231E14
243,550022.5370449162,1.8181040130985117E-6,0.008208199251981848,42.0,549650.5370449162,6.703193632358011E13
244,550022.5370449162,1.8181040130985117E-6,0.008147899953470247,42.0,549650.5370449162,1.2666719427927784E14
245,549887.1069989298,1.8185517876674977E-6,0.010241865286793855,135.0,549581.1069989298,2.4000280813579116E14
246,549887.1069989298,1.8185517876674977E-6,0.008673130205343042,135.0,549581.1069989298,1.1333774706274489E14
247,549871.9473249648,1.8186019240714136E-6,0.008369234571122824,152.0,549560.9473249648,2.667340057435926E13
248,549871.9473249648,1.8186019240714136E-6,0.008053001672459842,152.0,549560.9473249648,1.0666743789947723E14
249,549691.0237706372,1.8192004918325992E-6,0.007805031530153749,97.0,549353.0237706372,9.33346725520816E13
250,549691.0237706372,1.8192004918325992E-6,0.011580048024552612,97.0,549353.0237706372,3.200023198447448E14
251,549691.0237706372,1.8192004918325992E-6,0.0091177291113762,97.0,549353.0237706372,2.0000089264231688E14
252,549691.0237706372,1.8192004918325992E-6,0.010688172336607656,97.0,549353.0237706372,3.1568084936706856E14
253,549691.0237706372,1.8192004918325992E-6,0.00837846453312667,97.0,549353.0237706372,1.4702311678026834E14
254,549694.5747358819,1.8191887400230223E-6,0.010233888672623672,58.0,549353.5747358819,2.133542771374021E14
255,548789.4151982212,1.822189258970209E-6,0.008113398356413117,98.0,548398.4151982212,9.333489010683356E13
256,548789.3166632407,1.8221895861432252E-6,0.00873623535048269,97.0,548398.3166632407,1.5335284850423775E14
257,548789.3166632407,1.8221895861432252E-6,0.007947325597719292,97.0,548398.3166632407,1.0000141421031462E14
258,548789.1266798271,1.822190216959599E-6,0.008076971286704112,97.0,548399.1266798271,1.1333443830953447E14
259,548691.7424830479,1.8225136266147998E-6,0.008701534425379407,94.0,548300.7424830479,1.2000622748623928E14
260,548113.3379721782,1.8244368569149874E-6,0.008751277388050439,73.0,547731.3379721782,2.0000092843036628E14
261,547616.1731815105,1.8260932070304976E-6,0.008232914015336717,136.0,547244.1731815105,1.0026935936025578E14
262,547616.1731815105,1.8260932070304976E-6,0.009212878776317551,136.0,547244.1731815105,1.6000327857390044E14
263,547616.1731815105,1.8260932070304976E-6,0.008138289786866204,136.0,547244.1731815105,8.000249481642625E13
264,547616.1731815105,1.8260932070304976E-6,0.008978333811237683,136.0,547244.1731815105,1.4666834730088212E14
265,547299.8986115231,1.8271484708630178E-6,0.00809079109451346,57.0,546863.8986115231,8.666953387339316E13
266,547284.8745335294,1.8271986296966544E-6,0.008321026543825128,58.0,546863.8745335294,1.0666806539444023E14
267,547284.8745335294,1.8271986296966544E-6,0.008071194599307361,58.0,546863.8745335294,1.3333449364908834E14
268,546981.1778181739,1.8282131311642422E-6,0.009681026752480329,58.0,546554.1778181739,2.2666757650619728E14
269,546719.623079027,1.8290877603412677E-6,0.008166891156776677,84.0,546303.623079027,1.2000113017716183E14
270,546719.623079027,1.8290877603412677E-6,0.009490390629121966,84.0,546303.623079027,1.2667283071475523E14
271,546719.6167239521,1.8290877816025655E-6,0.009863777221897695,85.0,546303.6167239521,2.735134240162727E14
272,542021.7261336221,1.844941091553927E-6,0.010146692375300338,62.0,541589.7261336221,2.0667122440063075E14
273,542021.7261336221,1.844941091553927E-6,0.010010078967566899,62.0,541589.7261336221,1.6667152577236288E14
274,542021.7261336221,1.844941091553927E-6,0.01000904071870826,62.0,541589.7261336221,2.2666966897514206E14
275,541525.6206496278,1.846631286196747E-6,0.009362230904707045,68.0,541060.6206496278,1.2021358743759408E14
276,541525.6206496278,1.846631286196747E-6,0.008332219154565092,68.0,541060.6206496278,1.0129618384312867E14
277,541525.6206496278,1.846631286196747E-6,0.008461843549563782,68.0,541060.6206496278,1.0000231426036512E14
278,541525.6206496278,1.846631286196747E-6,0.007784968091330505,68.0,541060.6206496278,8.00004391277765E13
279,541525.6206496278,1.846631286196747E-6,0.008976493976316925,68.0,541060.6206496278,1.5636778357870122E14
280,540505.7101675085,1.8501157916986636E-6,0.007789078620260699,73.0,540047.7101675085,4.107073864830707E13
281,540505.7101675085,1.8501157916986636E-6,0.008540658994828901,73.0,540047.7101675085,1.466679108848148E14
282,540505.7101675085,1.8501157916986636E-6,0.008331813189037831,73.0,540047.7101675085,1.1333591072077762E14
283,540505.7101675085,1.8501157916986636E-6,0.007782381889295928,73.0,540047.7101675085,8.000211752544305E13
284,540505.7101675085,1.8501157916986636E-6,0.010368897761221577,73.0,540047.7101675085,2.9333518890207394E14
285,540505.7101675085,1.8501157916986636E-6,0.007493561726346379,73.0,540047.7101675085,7.350067481496369E13
286,540409.9789569278,1.8504435308293444E-6,0.0077660901616063704,67.0,539937.9789569278,6.666873578107589E13
287,540409.9789569278,1.8504435308293444E-6,0.009788562289756497,67.0,539937.9789569278,2.933352576147138E14
288,540409.9789569278,1.8504435308293444E-6,0.009128157153161476,67.0,539937.9789569278,1.4667035552090753E14
289,539908.7384539909,1.8521614425097397E-6,0.007716366949474874,93.0,539468.7384539909,9.333422780247986E13
290,539908.7384539909,1.8521614425097397E-6,0.008205378601263498,93.0,539468.7384539909,1.4000221433996755E14
291,539908.7384539909,1.8521614425097397E-6,0.010383723450514748,93.0,539468.7384539909,1.1334125620699686E14
292,539835.5852731795,1.8524124286499756E-6,0.008259609675648226,84.0,539313.5852731795,1.1333952463217477E14
293,539835.5852731795,1.8524124286499756E-6,0.008986648629573234,84.0,539313.5852731795,1.6000201987152375E14
294,539755.6601265473,1.8526867269512663E-6,0.007967401705193033,86.0,539252.6601265473,7.33357410767334E13
295,539753.9746531444,1.8526925122693251E-6,0.007562585770799393,64.0,539267.9746531444,5.333495866717565E13
296,539748.5460122263,1.8527111461013592E-6,0.010663848046863742,62.0,539263.5460122263,1.8667324876638334E14
297,539748.5460122263,1.8527111461013592E-6,0.008593102046911345,62.0,539263.5460122263,1.4000174646331139E14
298,539748.5460122263,1.8527111461013592E-6,0.008493227561007817,62.0,539263.5460122263,1.0666985735593505E14
299,539748.5460122263,1.8527111461013592E-6,0.008947058327349953,62.0,539263.5460122263,1.4000219905348578E14
300,539748.5460122263,1.8527111461013592E-6,0.008376098823550211,62.0,539263.5460122263,1.0000133849136188E14
301,539716.9572301701,1.8528195821610141E-6,0.008433474572240612,62.0,539241.9572301701,1.2000290075357828E14
302,539716.9572301701,1.8528195821610141E-6,0.008373005045698075,62.0,539241.9572301701,8.66696857333089E13
303,539716.9572301701,1.8528195821610141E-6,0.009657397615318726,62.0,539241.9572301701,2.4005520431721694E14
304,539058.5230746315,1.8550827082996406E-6,0.008099252006092388,58.0,538583.5230746315,1.3333404326907914E14
305,539058.5230746315,1.8550827082996406E-6,0.008697298128327364,58.0,538583.5230746315,1.533358799322988E14
306,538949.1670179694,1.8554591151405256E-6,0.00794745428673661,88.0,538438.1670179694,1.400007334604754E14
307,538949.1670179694,1.8554591151405256E-6,0.007952767759587866,88.0,538438.1670179694,1.2666763229443869E14
308,538949.1670179694,1.8554591151405256E-6,0.008280050042937444,88.0,538438.1670179694,1.4000165627882755E14
309,538907.1173514901,1.8556038920226054E-6,0.008651097485730527,122.0,538438.1173514901,1.333358056616529E14
310,538823.4492034081,1.8558920284303886E-6,0.00843625154851238,122.0,538354.4492034081,1.5333380439220822E14
311,538823.4492034081,1.8558920284303886E-6,0.008059613498291665,122.0,538354.4492034081,1.1487148004790853E14
312,538823.4303543493,1.855892093352868E-6,0.008177809469713027,122.0,538354.4303543493,1.6001426220807438E14
313,536655.3339442883,1.8633899140819842E-6,0.008619832114969932,30.0,536185.3339442883,1.2000221047367586E14
314,536027.0271140623,1.8655740920562131E-6,0.008926789422403054,30.0,535557.0271140623,1.6666880731261247E14
315,536027.0271140623,1.8655740920562131E-6,0.008021519662505815,30.0,535557.0271140623,4.00029606368688E13
316,536025.0276494841,1.8655810509520926E-6,0.007853349235968464,30.0,535557.0276494841,9.333414797264128E13
317,535991.4459354668,1.8656979358257587E-6,0.00994644788195517,31.0,535555.4459354668,3.000006967962919E14
318,535991.4459354668,1.8656979358257587E-6,0.009200907858411073,31.0,535555.4459354668,2.3333426211850472E14
319,535991.4459354668,1.8656979358257587E-6,0.007524070030880397,31.0,535555.4459354668,9.333374592402072E13
320,536017.0221543261,1.8656089136347879E-6,0.007687560291606086,30.0,535557.0221543261,1.0666736994076914E14
321,536002.5963204035,1.8656591240522877E-6,0.009585055138101402,31.0,535541.5963204035,2.333344960969339E14
322,535665.802320794,1.8668321345796814E-6,0.00857526872410626,39.0,535192.802320794,1.733776230912421E14
323,535665.802320794,1.8668321345796814E-6,0.007944520201184217,39.0,535192.802320794,1.0666757014674623E14
324,535665.802320794,1.8668321345796814E-6,0.0073814932707988445,39.0,535192.802320794,4.666795825756495E13
325,535665.802320794,1.8668321345796814E-6,0.009814525328465568,39.0,535192.802320794,2.6015489393468553E14
326,535640.3334233797,1.8669208994922422E-6,0.008121016921081232,39.0,535148.3334233797,6.729128598307334E13
327,535486.3779963301,1.8674576490332388E-6,0.008344686127613908,38.0,535013.3779963301,9.38393917991561E13
328,535088.5637425056,1.868846017115029E-6,0.008947958497981615,40.0,534605.5637425056,1.8002763662645528E14
329,535088.5637425056,1.868846017115029E-6,0.009308800887976067,40.0,534605.5637425056,2.2001225461331766E14
330,535088.5637425056,1.868846017115029E-6,0.008157186200028428,40.0,534605.5637425056,1.4666736063103925E14
331,535088.5637425056,1.868846017115029E-6,0.009875180304692739,40.0,534605.5637425056,2.066687758744919E14
332,534991.5606482455,1.8691848701378377E-6,0.00799951058492869,39.0,534505.5606482455,1.0666782859658634E14
333,534938.6571120896,1.8693697255473118E-6,0.00853807879265083,52.0,534437.6571120896,1.7333591873037812E14
334,534938.6571120896,1.8693697255473118E-6,0.008919397703801119,52.0,534437.6571120896,1.933358719592485E14
335,534938.6571120896,1.8693697255473118E-6,0.008781371812862208,52.0,534437.6571120896,1.2000457437493683E14
336,534938.6571120896,1.8693697255473118E-6,0.007711235487128627,52.0,534437.6571120896,7.333602009413667E13
337,534938.6571120896,1.8693697255473118E-6,0.008210394138603326,52.0,534437.6571120896,7.333588952149286E13
338,534938.6571120896,1.8693697255473118E-6,0.00793547416322988,52.0,534437.6571120896,1.2666704983114114E14
339,534927.7897141022,1.8694077029102502E-6,0.008004666219517818,18.0,534440.7897141022,1.3333379795844669E14
340,534927.7897141022,1.8694077029102502E-6,0.008886689907504417,18.0,534440.7897141022,1.6667122808741247E14
341,534925.44175767,1.869415908314765E-6,0.008891375674264644,52.0,534448.44175767,1.6666984876410097E14
342,534925.44175767,1.869415908314765E-6,0.008763155474012935,52.0,534448.44175767,9.335802176504088E13
343,533428.0130904843,1.8746636861883107E-6,0.010206220545369023,58.0,532903.0130904843,2.0666826782928262E14
344,533428.0130904843,1.8746636861883107E-6,0.008264097864657488,58.0,532903.0130904843,1.133354226542854E14
345,533428.0130904843,1.8746636861883107E-6,0.00803300829133009,58.0,532903.0130904843,6.000207870625343E13
346,533428.0130904843,1.8746636861883107E-6,0.009032909531819976,58.0,532903.0130904843,1.0666925549246636E14
347,533428.0130904843,1.8746636861883107E-6,0.009169216355744931,58.0,532903.0130904843,1.9333497895430128E14
348,533428.0130904843,1.8746636861883107E-6,0.009349361819224241,58.0,532903.0130904843,2.2000208866562503E14
349,533428.0130904843,1.8746636861883107E-6,0.008767592751068122,58.0,532903.0130904843,1.400027854058048E14
350,532512.6022845694,1.8778863032039715E-6,0.007583572172494988,56.0,531834.6022845694,5.33351503860901E13
351,532512.6022845694,1.8778863032039715E-6,0.00786081679438467,56.0,531834.6022845694,4.666922107128993E13
352,532502.1289346056,1.8779232377483468E-6,0.008066523730838018,58.0,531847.1289346056,1.0000155870175662E14
353,532502.1289346056,1.8779232377483468E-6,0.008894206538276835,58.0,531847.1289346056,1.933347476670721E14
354,532499.3915303733,1.8779328915159325E-6,0.00836209488387226,57.0,531847.3915303733,9.333518316591062E13
355,532499.3915303733,1.8779328915159325E-6,0.008710306170864008,57.0,531847.3915303733,1.133414855910395E14
356,532451.1149207411,1.8781031607863112E-6,0.008182870333941548,54.0,531765.1149207411,1.2000442850601978E14
357,532382.9771302193,1.878343532031963E-6,0.008000941212052793,56.0,531832.9771302193,8.000239204674906E13
358,528260.2793780345,1.893002646677762E-6,0.007911727406099581,57.0,527698.2793780345,1.0666936974979922E14
359,528260.2793780345,1.893002646677762E-6,0.009620703375659121,57.0,527698.2793780345,1.0719496515356512E14
360,528260.2793780345,1.893002646677762E-6,0.008374487135565704,57.0,527698.2793780345,9.346655288116961E13
361,528260.2793780345,1.893002646677762E-6,0.008551256018508225,57.0,527698.2793780345,1.4666805983789897E14
362,528260.2793780345,1.893002646677762E-6,0.008649078864679144,57.0,527698.2793780345,1.5333525483495306E14
363,528260.2793780345,1.893002646677762E-6,0.008038977352967542,57.0,527698.2793780345,1.0666785230516212E14
364,528260.2793780345,1.893002646677762E-6,0.008379881513470307,57.0,527698.2793780345,1.3474209647033416E14
365,528253.0020304038,1.8930287251140308E-6,0.008391890764353274,55.0,527688.0020304038,1.000025565601364E14
366,528223.8718267992,1.893133120637856E-6,0.008010220817191344,51.0,527671.8718267992,8.000187195787075E13
367,528223.8718267992,1.893133120637856E-6,0.008743374979742901,51.0,527671.8718267992,1.8000109343285997E14
368,528221.1598694682,1.8931428402154036E-6,0.007953598444959,51.0,527673.1598694682,1.2666759472862702E14
369,528221.1598694682,1.8931428402154036E-6,0.010047035985373218,51.0,527673.1598694682,2.866682905275859E14
370,528221.1598694682,1.8931428402154036E-6,0.00856714799607722,51.0,527673.1598694682,1.3333471539479739E14
371,528221.1598694682,1.8931428402154036E-6,0.008259206425354585,51.0,527673.1598694682,1.466673636094388E14
372,528221.1598694682,1.8931428402154036E-6,0.007989605553673812,51.0,527673.1598694682,1.0000130819353644E14
373,528193.6694577308,1.8932413706988872E-6,0.0075247464443865915,45.0,527671.6694577308,5.3623198243863664E13
374,528070.8764697369,1.893681607672793E-6,0.008952148614716509,38.0,527586.8764697369,1.0000538096949475E14
375,528070.8764697369,1.893681607672793E-6,0.008507107149254529,38.0,527586.8764697369,1.533347546734205E14
376,528070.8764697369,1.893681607672793E-6,0.007894089769256351,38.0,527586.8764697369,1.2000069710507628E14
377,528070.8764697369,1.893681607672793E-6,0.008740005695274815,38.0,527586.8764697369,1.5343879338584744E14
378,528040.7014969727,1.89378982221489E-6,0.00792722160223081,46.0,527555.7014969727,8.684065333136186E13
379,528040.7014969727,1.89378982221489E-6,0.007806805570463567,46.0,527555.7014969727,2.6668989684437613E13
380,528040.7014969727,1.89378982221489E-6,0.008573843542302964,46.0,527555.7014969727,1.7333514919032906E14
381,528040.7014969727,1.89378982221489E-6,0.008524512034562072,46.0,527555.7014969727,1.1333560723324431E14
382,527825.4886436757,1.894561984885678E-6,0.00872925503523163,52.0,526788.4886436757,1.4000402305714381E14
383,527825.4886436757,1.894561984885678E-6,0.009731385494196575,52.0,526788.4886436757,2.7333401664348038E14
384,527825.4886436757,1.894561984885678E-6,0.009309442583987795,52.0,526788.4886436757,1.7252896585978678E14
385,527823.8174168429,1.8945679835479634E-6,0.00854529216548749,51.0,526787.8174168429,1.0669896265275688E14
386,527817.0970197065,1.8945921059668863E-6,0.008170824811567489,51.0,526777.0970197065,1.2000350751404569E14
387,527816.6911079183,1.894593562979947E-6,0.009104832955844501,51.0,526776.6911079183,1.8678592629801956E14
388,527816.6911079183,1.894593562979947E-6,0.009016468533564612,51.0,526776.6911079183,1.4666849098418156E14
389,527732.1840341473,1.8948969484081077E-6,0.007860396876938241,51.0,526680.1840341473,6.666843497785057E13
390,527732.1840341473,1.8948969484081077E-6,0.008967356163359697,51.0,526680.1840341473,6.6671944469554664E13
391,527608.9871613086,1.8953394066330768E-6,0.007868513174842204,52.0,526694.9871613086,6.6669110110681305E13
392,527608.9871613086,1.8953394066330768E-6,0.00834714556118554,52.0,526694.9871613086,1.4666783625299462E14
393,527608.9871613086,1.8953394066330768E-6,0.00857471911665925,52.0,526694.9871613086,1.666679858963087E14
394,527592.9910943331,1.8953968712300995E-6,0.008510678748583049,52.0,526694.9910943331,9.333879913835295E13
395,527521.4736078265,1.8956538347282342E-6,0.009335587183134025,52.0,526759.4736078265,1.8000591283623553E14
396,527521.4736078265,1.8956538347282342E-6,0.008179034536213596,52.0,526759.4736078265,8.667140915465392E13
397,527521.4736078265,1.8956538347282342E-6,0.0076855036425809604,52.0,526759.4736078265,9.333402990118514E13
398,525686.5535636904,1.9022706419828592E-6,0.007794795431665372,61.0,524447.5535636904,1.2000108245486581E14
399,525413.0732621641,1.9032607820937321E-6,0.007938095498369192,54.0,524505.0732621641,9.333448853979273E13
22688030755000
